{
  "human_mean": 0.7774444444444444,
  "a2a_mean": 0.9287777777777777,
  "delta_IE": 0.15133333333333335,
  "wilcoxon_p": 0.00015143336960032644,
  "wilcoxon_W": 482.5,
  "mann_whitney_p": 2.74347483968053e-08,
  "mann_whitney_U": 14629.5,
  "cohens_d": 0.6178821532699358,
  "bootstrap_ci_95": [
    0.07777222222222221,
    0.22600555555555554
  ],
  "n_scenarios": 50,
  "n_seeds": 3,
  "per_vertical": {
    "corporate": {
      "human": 0.7055555555555554,
      "a2a": 0.9266666666666666,
      "delta": 0.22111111111111126
    },
    "finance": {
      "human": 0.7177777777777778,
      "a2a": 0.9600000000000001,
      "delta": 0.24222222222222223
    },
    "government": {
      "human": 0.8483333333333333,
      "a2a": 0.9105555555555556,
      "delta": 0.06222222222222229
    },
    "healthcare": {
      "human": 0.7511111111111111,
      "a2a": 0.948888888888889,
      "delta": 0.19777777777777794
    },
    "legal": {
      "human": 0.8644444444444446,
      "a2a": 0.8977777777777778,
      "delta": 0.033333333333333215
    }
  },
  "per_tier": {
    "1": {
      "human": 0.8444444444444444,
      "a2a": 1.0,
      "delta": 0.15555555555555556
    },
    "2": {
      "human": 0.8503086419753086,
      "a2a": 0.8966049382716049,
      "delta": 0.04629629629629628
    },
    "3": {
      "human": 0.6411764705882353,
      "a2a": 0.9,
      "delta": 0.2588235294117647
    }
  }
}