{
  "layer_scores": {
    "0": 0.0005808472633361816,
    "1": 0.0021372437477111816,
    "2": 0.007138073444366455,
    "3": 0.0192679762840271,
    "4": 0.029384195804595947,
    "5": 0.0289953351020813,
    "6": 0.02695244550704956,
    "7": 0.02871936559677124,
    "8": 0.027172744274139404,
    "9": 0.030957460403442383,
    "10": 0.029545366764068604,
    "11": 0.0517764687538147,
    "12": 0.050913989543914795,
    "13": 0.05476456880569458,
    "14": 0.041612446308135986,
    "15": 0.04731196165084839,
    "16": 0.04345297813415527,
    "17": 0.041466355323791504,
    "18": 0.04062074422836304,
    "19": 0.04645347595214844,
    "20": 0.04507255554199219,
    "21": 0.03857707977294922,
    "22": 0.03380388021469116,
    "23": 0.02760547399520874,
    "24": 0.02543807029724121,
    "25": 0.021347880363464355,
    "26": 0.016165971755981445,
    "27": 0.058049559593200684
  },
  "selected_layers": [
    11,
    12,
    13,
    15,
    27
  ],
  "peak_layer": 27,
  "peak_pct": 96.42857142857143,
  "pattern": "late"
}