{
  "model": {
    "id": "Qwen/Qwen2.5-1.5B-Instruct",
    "tag": "qwen2.5-1.5b",
    "family": "Qwen",
    "params": "1.5B",
    "mode": "local",
    "infra": "Apple M-series (MPS)",
    "mechanistic": true
  },
  "stats": {
    "mode": "persona_control",
    "cell_means": {
      "L3H": {
        "mean": 0.7979166666666667,
        "std": 0.2691426932908487,
        "n": 120
      },
      "L3A": {
        "mean": 0.87,
        "std": 0.1853749953172997,
        "n": 120
      },
      "PCH": {
        "mean": 0.83,
        "std": 0.24034697141147143,
        "n": 120
      },
      "PCA": {
        "mean": 0.8416666666666667,
        "std": 0.22724191710353284,
        "n": 120
      }
    },
    "comparisons": {
      "identity_IE": {
        "h_mean": 0.7979166666666667,
        "a_mean": 0.87,
        "delta": 0.07208333333333335,
        "wilcoxon_p": 0.026239441489348172,
        "wilcoxon_W": 34.5,
        "mann_whitney_U": 8032.0,
        "mann_whitney_p": 0.08516441509475717,
        "cohens_d": 0.3119326264131585,
        "bootstrap_ci_95": [
          0.015555555555555555,
          0.13708333333333336
        ],
        "n_h": 120,
        "n_a": 120
      },
      "format_IE": {
        "h_mean": 0.83,
        "a_mean": 0.8416666666666667,
        "delta": 0.011666666666666667,
        "wilcoxon_p": 0.6374349641110031,
        "wilcoxon_W": 45.0,
        "mann_whitney_U": 7264.5,
        "mann_whitney_p": 0.8940757794977487,
        "cohens_d": 0.049881795894575476,
        "bootstrap_ci_95": [
          -0.049444444444444444,
          0.07055555555555558
        ],
        "n_h": 120,
        "n_a": 120
      }
    },
    "specificity": {
      "identity_delta": 0.07208333333333335,
      "format_delta": 0.011666666666666667,
      "diff_of_deltas": 0.06041666666666668,
      "specificity_ratio": 6.178566132657601,
      "wilcoxon_p": 0.5427719525806552,
      "bootstrap_ci_95": [
        -0.022638888888888892,
        0.1601388888888889
      ]
    },
    "tier_breakdown": {
      "T1": {
        "identity_delta": 0.13888888888888884,
        "format_delta": -0.08333333333333337,
        "L3H": 0.8611111111111112,
        "L3A": 1.0,
        "PCH": 1.0,
        "PCA": 0.9166666666666666
      },
      "T2": {
        "identity_delta": 0.05555555555555558,
        "format_delta": 0.022222222222222254,
        "L3H": 0.8666666666666667,
        "L3A": 0.9222222222222223,
        "PCH": 0.8777777777777778,
        "PCA": 0.9
      },
      "T3": {
        "identity_delta": 0.029487179487179604,
        "format_delta": 0.08717948717948731,
        "L3H": 0.6602564102564104,
        "L3A": 0.68974358974359,
        "PCH": 0.6179487179487179,
        "PCA": 0.7051282051282052
      }
    },
    "rates": {
      "L3H": 0.7979166666666667,
      "L3A": 0.87,
      "PCH": 0.83,
      "PCA": 0.8416666666666667
    }
  },
  "n_evaluations": 480,
  "mode": "persona_control",
  "timestamp": "2026-04-11 11:42:57"
}