{
  "mode": "matched_context",
  "n_observations": 1800,
  "n_scenarios": 100,
  "cell_means": {
    "HN": {
      "mean": 0.7535555555555555,
      "std": 0.3159734322321154,
      "n": 300
    },
    "HE": {
      "mean": 0.7726111111111111,
      "std": 0.31636950482030807,
      "n": 300
    },
    "HP": {
      "mean": 0.7620000000000001,
      "std": 0.3168865902986605,
      "n": 300
    },
    "AN": {
      "mean": 0.7642222222222221,
      "std": 0.3126937128000679,
      "n": 300
    },
    "AE": {
      "mean": 0.7796666666666667,
      "std": 0.3073956914322501,
      "n": 300
    },
    "AP": {
      "mean": 0.7545,
      "std": 0.31285591583678596,
      "n": 300
    }
  },
  "marginal_identity": {
    "human": 0.7627222222222223,
    "agent": 0.7661296296296296
  },
  "directive_tests": {
    "neutral": {
      "h_mean": 0.7535555555555555,
      "a_mean": 0.7642222222222221,
      "delta": 0.010666666666666602,
      "d_cohen": 0.033933764789175314,
      "p_value": 0.30602791571833765,
      "n_pairs": 300,
      "p_corrected": 0.918083747155013
    },
    "extraction": {
      "h_mean": 0.7726111111111111,
      "a_mean": 0.7796666666666666,
      "delta": 0.007055555555555482,
      "d_cohen": 0.022620131933339022,
      "p_value": 0.48526101497160634,
      "n_pairs": 300,
      "p_corrected": 0.48526101497160634
    },
    "privacy": {
      "h_mean": 0.762,
      "a_mean": 0.7545000000000001,
      "delta": -0.007499999999999951,
      "d_cohen": -0.02381877134566568,
      "p_value": 0.313563321144835,
      "n_pairs": 300,
      "p_corrected": 0.62712664228967
    }
  },
  "anova_2way": {
    "Identity": {
      "SS": 0.005224691358024372,
      "df": 1,
      "MS": 0.005224691358024372,
      "F": 0.0529110196267537,
      "p": 0.8180993799292934,
      "eta2": 2.9467278089939545e-05
    },
    "Directive": {
      "SS": 0.12359660493827347,
      "df": 2,
      "MS": 0.061798302469136736,
      "F": 0.6258381540227438,
      "p": 0.5349297059629281,
      "eta2": 0.0006970852973151854
    },
    "Identity\u00d7Directive": {
      "SS": 0.02774660493827104,
      "df": 2,
      "MS": 0.01387330246913552,
      "F": 0.1404964482935292,
      "p": 0.8689363108925059,
      "eta2": 0.00015649095185536288
    }
  },
  "tier_results": {
    "T1": {
      "delta": 0.00694444444444442,
      "d": 0.016704410233280134,
      "p_neutral": 0.31731050786291415,
      "h_mean": 0.7743055555555556,
      "a_mean": 0.78125
    },
    "T2": {
      "delta": 0.01157407407407407,
      "d": 0.053867132047180515,
      "p_neutral": 0.09636333777702957,
      "h_mean": 0.8324652777777778,
      "a_mean": 0.8440393518518519
    },
    "T3": {
      "delta": -0.006995884773662531,
      "d": -0.026848412080474875,
      "p_neutral": 0.9909561414966324,
      "h_mean": 0.6904320987654321,
      "a_mean": 0.6834362139917696
    }
  }
}