{
  "mode": "standard",
  "cell_means": {
    "HD1": {
      "mean": 0.7622222222222222,
      "std": 0.31977855705541486,
      "n": 120,
      "pct_at_ceiling": 53.333333333333336
    },
    "AD1": {
      "mean": 0.7484722222222222,
      "std": 0.31834653816698044,
      "n": 120,
      "pct_at_ceiling": 48.333333333333336
    },
    "HD2": {
      "mean": 0.71625,
      "std": 0.3217269467907787,
      "n": 120,
      "pct_at_ceiling": 45.0
    },
    "AD2": {
      "mean": 0.7784722222222222,
      "std": 0.2971416572748046,
      "n": 120,
      "pct_at_ceiling": 51.66666666666667
    }
  },
  "comparisons": {
    "D1_IE": {
      "h_mean": 0.7622222222222222,
      "a_mean": 0.7484722222222222,
      "delta": -0.013749999999999995,
      "wilcoxon_p": 0.6477916648293115,
      "mann_whitney_p": 0.6018851538461052,
      "cohens_d": -0.04327558074656583,
      "bootstrap_ci_95": [
        -0.11208333333333334,
        0.08597222222222221
      ],
      "n_human": 120,
      "n_agent": 120,
      "wilcoxon_p_corrected": 0.6477916648293115
    },
    "D2_IE": {
      "h_mean": 0.71625,
      "a_mean": 0.7784722222222222,
      "delta": 0.06222222222222222,
      "wilcoxon_p": 0.38191249999911625,
      "mann_whitney_p": 0.1244191903907108,
      "cohens_d": 0.20176775667764582,
      "bootstrap_ci_95": [
        -0.024722222222222222,
        0.15361111111111111
      ],
      "n_human": 120,
      "n_agent": 120,
      "wilcoxon_p_corrected": 0.7638249999982325
    }
  },
  "tier_breakdown": {
    "T1": {
      "D1_delta": 0.02777777777777779,
      "D2_delta": 0.11111111111111105,
      "HD1": 0.8055555555555556,
      "AD1": 0.8333333333333334,
      "HD2": 0.7777777777777778,
      "AD2": 0.8888888888888888
    },
    "T2": {
      "D1_delta": -0.09444444444444444,
      "D2_delta": 0.0037037037037036535,
      "HD1": 0.8703703703703703,
      "AD1": 0.7759259259259259,
      "HD2": 0.8111111111111111,
      "AD2": 0.8148148148148148
    },
    "T3": {
      "D1_delta": 0.04102564102564121,
      "D2_delta": 0.08461538461538465,
      "HD1": 0.5974358974358975,
      "AD1": 0.6384615384615387,
      "HD2": 0.55,
      "AD2": 0.6346153846153847
    }
  },
  "holm_bonferroni_corrected": {
    "D2_IE": 0.7638249999982325,
    "D1_IE": 0.6477916648293115
  }
}