{
  "mode": "floor_control",
  "cell_means": {
    "HA": {
      "mean": 0.8206944444444445,
      "std": 0.2559287277629587,
      "n": 120
    },
    "AA": {
      "mean": 0.8798611111111112,
      "std": 0.220472879371676,
      "n": 120
    },
    "HF": {
      "mean": 0.87125,
      "std": 0.2291436835941424,
      "n": 120
    },
    "AF": {
      "mean": 0.8877777777777778,
      "std": 0.25058040313958563,
      "n": 120
    }
  },
  "comparisons": {
    "HA_vs_HF": {
      "delta": 0.05055555555555524,
      "wilcoxon_p": 0.0047951027801978,
      "mann_whitney_p": 0.3462650430889922,
      "cohens_d": 0.42798429574961
    },
    "AA_vs_AF": {
      "delta": 0.007916666666666683,
      "wilcoxon_p": 0.6885868877937801,
      "mann_whitney_p": 0.7825751541774496,
      "cohens_d": 0.049636223125025525
    },
    "HF_vs_AF": {
      "delta": 0.01652777777777792,
      "wilcoxon_p": 0.681007054840733,
      "mann_whitney_p": 0.8259075560426512,
      "cohens_d": 0.08419669378227403
    },
    "HA_vs_AA": {
      "delta": 0.05916666666666648,
      "wilcoxon_p": 0.10986060566993212,
      "mann_whitney_p": 0.3029643001731709,
      "cohens_d": 0.2718240010685933
    }
  },
  "floor_analysis": {
    "ha_baseline": 0.8206944444444445,
    "hf_floor": 0.87125,
    "aa_baseline": 0.8798611111111112,
    "af_floor": 0.8877777777777778,
    "floor_gap": -0.050555555555555465,
    "ie_raw": 0.0591666666666667,
    "ie_normalized": NaN,
    "ie_under_prohibition": 0.016527777777777808
  }
}