{
  "mode": "orthogonal_v2_structural",
  "manipulation_level": "L1",
  "n_observations": 2400,
  "n_scenarios": 100,
  "cell_means": {
    "HNN": {
      "mean": 0.8068888888888889,
      "std": 0.2531054736180635,
      "n": 300
    },
    "HNP": {
      "mean": 0.7977777777777778,
      "std": 0.2700844705022685,
      "n": 300
    },
    "HEN": {
      "mean": 0.8416111111111112,
      "std": 0.2260714952097332,
      "n": 300
    },
    "HEP": {
      "mean": 0.8341111111111111,
      "std": 0.23631505171389908,
      "n": 300
    },
    "ANN": {
      "mean": 0.8266111111111112,
      "std": 0.23725051765138808,
      "n": 300
    },
    "ANP": {
      "mean": 0.8421666666666667,
      "std": 0.22850297630903726,
      "n": 300
    },
    "AEN": {
      "mean": 0.8635555555555557,
      "std": 0.20801379433815448,
      "n": 300
    },
    "AEP": {
      "mean": 0.8593888888888889,
      "std": 0.21682267915959288,
      "n": 300
    }
  },
  "marginal_means": {
    "human": 0.8200972222222224,
    "agent": 0.8479305555555555,
    "no_extraction": 0.8183611111111111,
    "extraction": 0.8496666666666667,
    "no_privacy": 0.8346666666666666,
    "privacy": 0.8333611111111111
  },
  "anova_3way": {
    "I": {
      "SS": 0.4648166666666607,
      "df": 1,
      "MS": 0.4648166666666607,
      "F": 8.398827152425087,
      "p": 0.0037887915741567912,
      "eta2": 0.003481671374123026,
      "p_corrected": 0.022732749444940747
    },
    "E": {
      "SS": 0.5880226851851864,
      "df": 1,
      "MS": 0.5880226851851864,
      "F": 10.625051227169097,
      "p": 0.0011312998619265047,
      "eta2": 0.004404536018525395,
      "p_corrected": 0.007919099033485533
    },
    "P": {
      "SS": 0.0010226851851850179,
      "df": 1,
      "MS": 0.0010226851851850179,
      "F": 0.018479019186879952,
      "p": 0.8918820841260022,
      "eta2": 7.660340063821066e-06,
      "p_corrected": 0.8918820841260022
    },
    "IE": {
      "SS": 0.010696296296296096,
      "df": 1,
      "MS": 0.010696296296296096,
      "F": 0.19327263888353838,
      "p": 0.6602463870905858,
      "eta2": 8.011973600477481e-05,
      "p_corrected": 1.0
    },
    "IP": {
      "SS": 0.02939999999999912,
      "df": 1,
      "MS": 0.02939999999999912,
      "F": 0.5312320662941519,
      "p": 0.46616068617823314,
      "eta2": 0.00022021830484968672,
      "p_corrected": 1.0
    },
    "EP": {
      "SS": 0.012300462962962467,
      "df": 1,
      "MS": 0.012300462962962467,
      "F": 0.22225851551664735,
      "p": 0.6373674004068239,
      "eta2": 9.21356157336745e-05,
      "p_corrected": 1.0
    },
    "IEP": {
      "SS": 0.017066666666666105,
      "df": 1,
      "MS": 0.017066666666666105,
      "F": 0.3083796121798242,
      "p": 0.5787281543664619,
      "eta2": 0.000127836476284625,
      "p_corrected": 1.0
    }
  },
  "main_effects": {
    "interlocutor": {
      "delta": 0.027833333333333155,
      "cohens_d": 0.11821735008521034,
      "bootstrap_ci_95": [
        0.011513541666666656,
        0.04555659722222223
      ],
      "wilcoxon_p": 0.0010987486703452033,
      "wilcoxon_W": 347.0,
      "mann_whitney_U": 757418.5,
      "mann_whitney_p": 0.012511178984780274,
      "mean_baseline": 0.8200972222222224,
      "mean_treatment": 0.8479305555555555
    },
    "extraction": {
      "delta": 0.031305555555555586,
      "cohens_d": 0.13302663501465242,
      "bootstrap_ci_95": [
        0.018541319444444444,
        0.04451388888888888
      ],
      "wilcoxon_p": 7.002025837322148e-06,
      "wilcoxon_W": 275.5,
      "mann_whitney_U": 762909.0,
      "mann_whitney_p": 0.004185382703633788,
      "mean_baseline": 0.8183611111111111,
      "mean_treatment": 0.8496666666666667
    },
    "privacy": {
      "delta": -0.0013055555555554488,
      "cohens_d": -0.005535484837116611,
      "bootstrap_ci_95": [
        -0.013889930555555555,
        0.011180555555555553
      ],
      "wilcoxon_p": 0.889786349165307,
      "wilcoxon_W": 574.5,
      "mann_whitney_U": 721916.5,
      "mann_whitney_p": 0.8982443067559981,
      "mean_baseline": 0.8346666666666666,
      "mean_treatment": 0.8333611111111111
    }
  },
  "mixed_model": {
    "converged": true,
    "coefficients": {
      "interlocutor": {
        "estimate": 0.01972222222222275,
        "std_error": 0.011297313336438365,
        "z": 1.745744464625114,
        "p": 0.08085536494444479,
        "p_corrected": 0.4851321896666687
      },
      "extraction": {
        "estimate": 0.034722222222223056,
        "std_error": 0.011297313336438367,
        "z": 3.073493775748431,
        "p": 0.002115681011118716,
        "p_corrected": 0.014809767077831012
      },
      "privacy": {
        "estimate": -0.009111111111110674,
        "std_error": 0.011297313336438318,
        "z": -0.8064847667563336,
        "p": 0.41996338799782784,
        "p_corrected": 1.0
      },
      "IE": {
        "estimate": 0.002222222222221109,
        "std_error": 0.01597681373876952,
        "z": 0.1390904506089746,
        "p": 0.8893786741862151,
        "p_corrected": 1.0
      },
      "IP": {
        "estimate": 0.02466666666666612,
        "std_error": 0.01597681373876947,
        "z": 1.5439040017603622,
        "p": 0.12261159051537736,
        "p_corrected": 0.6130579525768868
      },
      "EP": {
        "estimate": 0.001611111111110101,
        "std_error": 0.01597681373876947,
        "z": 0.10084057669149422,
        "p": 0.9196770154531044,
        "p_corrected": 0.9196770154531044
      },
      "IEP": {
        "estimate": -0.02133333333333214,
        "std_error": 0.022594626672876417,
        "z": -0.9441772879098556,
        "p": 0.34507905934939487,
        "p_corrected": 1.0
      }
    },
    "random_effect_variance": 0.036441828956029536
  },
  "per_vertical": {
    "corporate": {
      "human_mean": 0.8436111111111111,
      "agent_mean": 0.8930555555555554,
      "delta": 0.04944444444444429,
      "n": 600
    },
    "finance": {
      "human_mean": 0.8633333333333333,
      "agent_mean": 0.8875,
      "delta": 0.02416666666666667,
      "n": 600
    },
    "healthcare": {
      "human_mean": 0.7525,
      "agent_mean": 0.775,
      "delta": 0.022500000000000075,
      "n": 600
    },
    "legal": {
      "human_mean": 0.8209444444444446,
      "agent_mean": 0.8361666666666667,
      "delta": 0.015222222222222137,
      "n": 600
    }
  },
  "per_tier": {
    "1": {
      "n": 768,
      "n_scenarios": 32,
      "pct_at_ceiling": 97.52604166666666,
      "human_mean": 0.9635416666666666,
      "agent_mean": 0.9869791666666666,
      "delta_I": 0.0234375,
      "cohens_d_I": 0.15131927684570082,
      "bootstrap_ci_95": [
        -0.005208333333333332,
        0.057291666666666664
      ],
      "anova_I_F": 4.4712376525276,
      "anova_I_p": 0.034795022961108035,
      "anova_I_p_corr": 0.17397511480554018,
      "mann_whitney_p": 0.0367257558980919
    },
    "2": {
      "n": 768,
      "n_scenarios": 32,
      "pct_at_ceiling": 64.71354166666666,
      "human_mean": 0.8578559027777777,
      "agent_mean": 0.8760850694444443,
      "delta_I": 0.01822916666666663,
      "cohens_d_I": 0.09486427144311964,
      "bootstrap_ci_95": [
        -0.0026041666666666626,
        0.04253472222222223
      ],
      "anova_I_F": 1.7191306890166573,
      "anova_I_p": 0.19020098469944602,
      "anova_I_p_corr": 1.0,
      "mann_whitney_p": 0.22017084487571148
    },
    "3": {
      "n": 864,
      "n_scenarios": 36,
      "pct_at_ceiling": 22.685185185185187,
      "human_mean": 0.6590277777777779,
      "agent_mean": 0.6993055555555556,
      "delta_I": 0.040277777777777746,
      "cohens_d_I": 0.16856832355129944,
      "bootstrap_ci_95": [
        0.009143518518518516,
        0.07349537037037035
      ],
      "anova_I_F": 6.157904641335765,
      "anova_I_p": 0.013273558479601433,
      "anova_I_p_corr": 0.0796413508776086,
      "mann_whitney_p": 0.01778451689186401
    }
  },