{
  "human_mean": 0.9384444444444443,
  "a2a_mean": 0.9505555555555556,
  "delta_IE": 0.012111111111111107,
  "wilcoxon_p": 0.31421429636294673,
  "wilcoxon_W": 68.5,
  "mann_whitney_p": 0.13483407400717912,
  "mann_whitney_U": 11813.5,
  "cohens_d": 0.09044616313837113,
  "bootstrap_ci_95": [
    -0.016222222222222225,
    0.041888888888888885
  ],
  "n_scenarios": 50,
  "n_seeds": 3,
  "per_vertical": {
    "corporate": {
      "human": 0.9083333333333334,
      "a2a": 0.875,
      "delta": -0.03333333333333344
    },
    "finance": {
      "human": 0.9633333333333334,
      "a2a": 0.9533333333333334,
      "delta": -0.010000000000000009
    },
    "government": {
      "human": 0.9916666666666667,
      "a2a": 1.0,
      "delta": 0.008333333333333304
    },
    "healthcare": {
      "human": 0.9133333333333336,
      "a2a": 0.9244444444444445,
      "delta": 0.01111111111111096
    },
    "legal": {
      "human": 0.9155555555555556,
      "a2a": 1.0,
      "delta": 0.08444444444444443
    }
  },
  "per_tier": {
    "1": {
      "human": 0.9777777777777777,
      "a2a": 1.0,
      "delta": 0.022222222222222254
    },
    "2": {
      "human": 0.9753086419753086,
      "a2a": 0.9876543209876543,
      "delta": 0.012345679012345623
    },
    "3": {
      "human": 0.8647058823529411,
      "a2a": 0.8676470588235294,
      "delta": 0.002941176470588336
    }
  }
}