{
  "layer_scores": {
    "0": 0.002287149429321289,
    "1": 0.005281627178192139,
    "2": 0.009080350399017334,
    "3": 0.01007300615310669,
    "4": 0.018634319305419922,
    "5": 0.025444447994232178,
    "6": 0.023310542106628418,
    "7": 0.03674888610839844,
    "8": 0.042204320430755615,
    "9": 0.04964643716812134,
    "10": 0.0445404052734375,
    "11": 0.04712396860122681,
    "12": 0.05336707830429077,
    "13": 0.06284195184707642,
    "14": 0.06877326965332031,
    "15": 0.06983017921447754,
    "16": 0.06178998947143555,
    "17": 0.05709272623062134,
    "18": 0.05312681198120117,
    "19": 0.05280202627182007,
    "20": 0.05609077215194702,
    "21": 0.057527005672454834,
    "22": 0.06125986576080322,
    "23": 0.0594516396522522,
    "24": 0.058013916015625,
    "25": 0.05722975730895996,
    "26": 0.05902445316314697,
    "27": 0.05831921100616455,
    "28": 0.0613560676574707,
    "29": 0.06255924701690674,
    "30": 0.07204490900039673,
    "31": 0.08034563064575195
  },
  "selected_layers": [
    13,
    14,
    15,
    30,
    31
  ],
  "peak_layer": 31,
  "peak_pct": 96.875,
  "pattern": "late"
}