{
  "model": {
    "id": "mistralai/Mistral-7B-Instruct-v0.3",
    "tag": "mistral-7b",
    "family": "Mistral",
    "params": "7B",
    "mode": "local",
    "infra": "NVIDIA L4 GPU",
    "mechanistic": true
  },
  "stats": {
    "mode": "orthogonal_v2_structural",
    "manipulation_level": "L1",
    "n_observations": 2400,
    "n_scenarios": 100,
    "cell_means": {
      "HNN": {
        "mean": 0.8911111111111111,
        "std": 0.1748138752921907,
        "n": 300
      },
      "HNP": {
        "mean": 0.8680555555555555,
        "std": 0.20610100930710806,
        "n": 300
      },
      "HEN": {
        "mean": 0.9161111111111111,
        "std": 0.15954595398559096,
        "n": 300
      },
      "HEP": {
        "mean": 0.9075,
        "std": 0.17251244710826966,
        "n": 300
      },
      "ANN": {
        "mean": 0.8930555555555554,
        "std": 0.1678412254121462,
        "n": 300
      },
      "ANP": {
        "mean": 0.881388888888889,
        "std": 0.1887068903734596,
        "n": 300
      },
      "AEN": {
        "mean": 0.908611111111111,
        "std": 0.16043221497762236,
        "n": 300
      },
      "AEP": {
        "mean": 0.9063888888888888,
        "std": 0.17109750400755921,
        "n": 300
      }
    },
    "marginal_means": {
      "human": 0.8956944444444446,
      "agent": 0.897361111111111,
      "no_extraction": 0.8834027777777779,
      "extraction": 0.9096527777777779,
      "no_privacy": 0.9022222222222221,
      "privacy": 0.8908333333333334
    },
    "anova_3way": {
      "I": {
        "SS": 0.0016666666666662997,
        "df": 1,
        "MS": 0.0016666666666662997,
        "F": 0.05397088234795214,
        "p": 0.8163121951742214,
        "eta2": 2.239676491173004e-05,
        "p_corrected": 1.0
      },
      "E": {
        "SS": 0.4134374999999999,
        "df": 1,
        "MS": 0.4134374999999999,
        "F": 13.38815200244182,
        "p": 0.0002586935495130227,
        "eta2": 0.005555797495917255,
        "p_corrected": 0.001810854846591159
      },
      "P": {
        "SS": 0.0778240740740726,
        "df": 1,
        "MS": 0.0778240740740726,
        "F": 2.5201403674146055,
        "p": 0.11253274627844323,
        "eta2": 0.0010458044949062714,
        "p_corrected": 0.6751964776706594
      },
      "IE": {
        "SS": 0.021400462962962094,
        "df": 1,
        "MS": 0.021400462962962094,
        "F": 0.6930011212595932,
        "p": 0.4052285638774882,
        "eta2": 0.0002875806827902519,
        "p_corrected": 1.0
      },
      "IP": {
        "SS": 0.011851851851851412,
        "df": 1,
        "MS": 0.011851851851851412,
        "F": 0.38379294114106327,
        "p": 0.5356392782823977,
        "eta2": 0.0001592658838167761,
        "p_corrected": 1.0
      },
      "EP": {
        "SS": 0.021400462962964086,
        "df": 1,
        "MS": 0.021400462962964086,
        "F": 0.6930011212596577,
        "p": 0.40522856387746653,
        "eta2": 0.0002875806827902787,
        "p_corrected": 1.0
      },
      "IEP": {
        "SS": 0.0009375000000002931,
        "df": 1,
        "MS": 0.0009375000000002931,
        "F": 0.030358621320739253,
        "p": 0.8616937519924045,
        "eta2": 1.259818026285486e-05,
        "p_corrected": 0.8616937519924045
      }
    },
    "main_effects": {
      "interlocutor": {
        "delta": 0.0016666666666664831,
        "cohens_d": 0.009465149548553726,
        "bootstrap_ci_95": [
          -0.006527777777777782,
          0.010486111111111108
        ],
        "wilcoxon_p": 0.9775926785542435,
        "wilcoxon_W": 262.5,
        "mann_whitney_U": 718554.0,
        "mann_whitney_p": 0.9153795064720401,
        "mean_baseline": 0.8956944444444446,
        "mean_treatment": 0.897361111111111
      },
      "extraction": {
        "delta": 0.026249999999999996,
        "cohens_d": 0.14949028321147106,
        "bootstrap_ci_95": [
          0.012776041666666666,
          0.040486111111111105
        ],
        "wilcoxon_p": 0.00025450963438179843,
        "wilcoxon_W": 128.0,
        "mann_whitney_U": 769233.0,
        "mann_whitney_p": 0.0002957693039578906,
        "mean_baseline": 0.8834027777777779,
        "mean_treatment": 0.9096527777777779
      },
      "privacy": {
        "delta": -0.011388888888888782,
        "cohens_d": -0.06471164433019543,
        "bootstrap_ci_95": [
          -0.024027777777777773,
          0.0003489583333333099
        ],
        "wilcoxon_p": 0.211160666181345,
        "wilcoxon_W": 253.5,
        "mann_whitney_U": 707244.5,
        "mann_whitney_p": 0.34845349362571687,
        "mean_baseline": 0.9022222222222221,
        "mean_treatment": 0.8908333333333334
      }
    },
    "mixed_model": {
      "converged": true,
      "coefficients": {
        "interlocutor": {
          "estimate": 0.0019444444444444689,
          "std_error": 0.007436833320864364,
          "z": 0.26146134524613374,
          "p": 0.7937367550002679,
          "p_corrected": 0.7937367550002679
        },
        "extraction": {
          "estimate": 0.025,
          "std_error": 0.007436833320864363,
          "z": 3.3616458674502496,
          "p": 0.0007747942140073066,
          "p_corrected": 0.005423559498051147
        },
        "privacy": {
          "estimate": -0.02305555555555561,
          "std_error": 0.007436833320864365,
          "z": -3.1001845222041253,
          "p": 0.0019340011698856816,
          "p_corrected": 0.01160400701931409
        },
        "IE": {
          "estimate": -0.009444444444444599,
          "std_error": 0.01051727054347451,
          "z": -0.8979938668882534,
          "p": 0.36918881920834645,
          "p_corrected": 1.0
        },
        "IP": {
          "estimate": 0.01138888888888895,
          "std_error": 0.010517270543474512,
          "z": 1.0828749571299408,
          "p": 0.27886392889475653,
          "p_corrected": 1.0
        },
        "EP": {
          "estimate": 0.014444444444444498,
          "std_error": 0.010517270543474512,
          "z": 1.3734023846526053,
          "p": 0.16962728885678213,
          "p_corrected": 0.8481364442839107
        },
        "IEP": {
          "estimate": -0.004999999999999938,
          "std_error": 0.01487366664172863,
          "z": -0.3361645867450229,
          "p": 0.7367467561649323,
          "p_corrected": 1.0
        }
      },
      "random_effect_variance": 0.022736819786935786
    },
    "per_vertical": {
      "corporate": {
        "human_mean": 0.8872222222222221,
        "agent_mean": 0.8933333333333333,
        "delta": 0.006111111111111178,
        "n": 600
      },
      "finance": {
        "human_mean": 0.9336111111111111,
        "agent_mean": 0.9297222222222221,
        "delta": -0.0038888888888889417,
        "n": 600
      },
      "healthcare": {
        "human_mean": 0.8755555555555556,
        "agent_mean": 0.88,
        "delta": 0.004444444444444362,
        "n": 600
      },
      "legal": {
        "human_mean": 0.8863888888888888,
        "agent_mean": 0.8863888888888888,
        "delta": 0.0,
        "n": 600
      }
    },
    "per_tier": {
      "1": {
        "n": 768,
        "n_scenarios": 32,
        "pct_at_ceiling": 99.86979166666666,
        "human_mean": 0.9973958333333334,
        "agent_mean": 1.0,
        "delta_I": 0.0026041666666666297,
        "cohens_d_I": 0.07226291730077762,
        "bootstrap_ci_95": [
          0.0,
          0.007812500000000003
        ],
        "anova_I_F": 0.9999999999999714,
        "anova_I_p": 0.3176287856411266,
        "anova_I_p_corr": 0.9528863569233799,
        "mann_whitney_p": 0.31857241302025985
      },
      "2": {
        "n": 768,
        "n_scenarios": 32,
        "pct_at_ceiling": 70.703125,
        "human_mean": 0.8958333333333334,
        "agent_mean": 0.890625,
        "delta_I": -0.00520833333333337,
        "cohens_d_I": -0.029940923231133856,