{
  "mode": "standard",
  "cell_means": {
    "HD1": {
      "mean": 0.7241666666666667,
      "std": 0.3063279855545255,
      "n": 120,
      "pct_at_ceiling": 44.166666666666664
    },
    "AD1": {
      "mean": 0.7308333333333333,
      "std": 0.38788642970970405,
      "n": 120,
      "pct_at_ceiling": 59.166666666666664
    },
    "HD2": {
      "mean": 0.7329166666666667,
      "std": 0.3073140659120182,
      "n": 120,
      "pct_at_ceiling": 48.333333333333336
    },
    "AD2": {
      "mean": 0.8215277777777777,
      "std": 0.32081825118854107,
      "n": 120,
      "pct_at_ceiling": 69.16666666666667
    }
  },
  "comparisons": {
    "D1_IE": {
      "h_mean": 0.7241666666666667,
      "a_mean": 0.7308333333333333,
      "delta": 0.006666666666666654,
      "wilcoxon_p": 0.7640252322088751,
      "mann_whitney_p": 0.1942050455965646,
      "cohens_d": 0.019155152270843183,
      "bootstrap_ci_95": [
        -0.11736805555555557,
        0.12653124999999993
      ],
      "n_human": 120,
      "n_agent": 120,
      "wilcoxon_p_corrected": 0.7640252322088751
    },
    "D2_IE": {
      "h_mean": 0.7329166666666667,
      "a_mean": 0.8215277777777777,
      "delta": 0.08861111111111111,
      "wilcoxon_p": 0.09860025741989195,
      "mann_whitney_p": 0.0026200973878893097,
      "cohens_d": 0.2832590699509751,
      "bootstrap_ci_95": [
        -0.04972569444444447,
        0.2168090277777777
      ],
      "n_human": 120,
      "n_agent": 120,
      "wilcoxon_p_corrected": 0.1972005148397839
    }
  },
  "tier_breakdown": {
    "T1": {
      "D1_delta": -0.11111111111111116,
      "D2_delta": -0.11111111111111116,
      "HD1": 0.8611111111111112,
      "AD1": 0.75,
      "HD2": 0.8333333333333334,
      "AD2": 0.7222222222222222
    },
    "T2": {
      "D1_delta": 0.016666666666666607,
      "D2_delta": 0.11851851851851847,
      "HD1": 0.7388888888888889,
      "AD1": 0.7555555555555555,
      "HD2": 0.7888888888888889,
      "AD2": 0.9074074074074073
    },
    "T3": {
      "D1_delta": 0.10384615384615392,
      "D2_delta": 0.2384615384615384,
      "HD1": 0.5807692307692308,
      "AD1": 0.6846153846153847,
      "HD2": 0.5756410256410257,
      "AD2": 0.8141025641025641
    }
  },
  "holm_bonferroni_corrected": {
    "D2_IE": 0.1972005148397839,
    "D1_IE": 0.7640252322088751
  }
}