{
  "rows": [
    {
      "model": "llama-3.1-8b",
      "n": 46,
      "mean_delta": 0.11000000000000001,
      "d": 0.7573465650624439,
      "ci_lo": 0.46002219071609124,
      "ci_hi": 1.1456530384969197,
      "p_one": 2.0840095899439184e-05
    },
    {
      "model": "mistral-7b",
      "n": 42,
      "mean_delta": 0.20825396825396825,
      "d": 1.3188556670015974,
      "ci_lo": 0.9948214481797956,
      "ci_hi": 1.8501254000768226,
      "p_one": 4.9816025223041515e-08
    },
    {
      "model": "qwen2.5-1.5b",
      "n": 50,
      "mean_delta": 0.22559999999999994,
      "d": 1.4104818370096337,
      "ci_lo": 1.0671614227401376,
      "ci_hi": 1.8907065280509765,
      "p_one": 3.4193845802485177e-09
    },
    {
      "model": "qwen2.5-7b",
      "n": 40,
      "mean_delta": 0.009999999999999998,
      "d": 0.04709485520431287,
      "ci_lo": -0.2828749287969247,
      "ci_hi": 0.3710128545671622,
      "p_one": 0.4167061392711141
    }
  ],
  "p_holm": [
    4.168019179887837e-05,
    1.4944807566912454e-07,
    1.367753832099407e-08,
    0.4167061392711141
  ],
  "stouffer_z": 7.715260310691584,
  "stouffer_p": 5.995204332975845e-15
}