{
  "human_mean": 0.7518888888888888,
  "a2a_mean": 0.8707777777777779,
  "delta_IE": 0.1188888888888889,
  "wilcoxon_p": 0.000330515718144789,
  "wilcoxon_W": 309.5,
  "mann_whitney_p": 0.0001934351883910814,
  "mann_whitney_U": 13693.0,
  "cohens_d": 0.48499917090033323,
  "bootstrap_ci_95": [
    0.051444444444444445,
    0.19800277777777775
  ],
  "n_scenarios": 50,
  "n_seeds": 3,
  "per_vertical": {
    "corporate": {
      "human": 0.8483333333333333,
      "a2a": 0.9422222222222221,
      "delta": 0.0938888888888888
    },
    "finance": {
      "human": 0.6416666666666667,
      "a2a": 0.8133333333333334,
      "delta": 0.17166666666666663
    },
    "government": {
      "human": 0.8383333333333334,
      "a2a": 0.8716666666666667,
      "delta": 0.033333333333333326
    },
    "healthcare": {
      "human": 0.7200000000000002,
      "a2a": 0.8644444444444443,
      "delta": 0.14444444444444415
    },
    "legal": {
      "human": 0.711111111111111,
      "a2a": 0.8622222222222222,
      "delta": 0.1511111111111112
    }
  },
  "per_tier": {
    "1": {
      "human": 0.8666666666666667,
      "a2a": 1.0,
      "delta": 0.1333333333333333
    },
    "2": {
      "human": 0.7006172839506172,
      "a2a": 0.8040123456790123,
      "delta": 0.10339506172839508
    },
    "3": {
      "human": 0.7049019607843137,
      "a2a": 0.8274509803921568,
      "delta": 0.12254901960784315
    }
  }
}