{
  "layer_scores": {
    "0": 0.0013664960861206055,
    "1": 0.0027237534523010254,
    "2": 0.007417023181915283,
    "3": 0.01184070110321045,
    "4": 0.02266228199005127,
    "5": 0.03358447551727295,
    "6": 0.03865915536880493,
    "7": 0.05100071430206299,
    "8": 0.08489972352981567,
    "9": 0.10407006740570068,
    "10": 0.10358309745788574,
    "11": 0.09121263027191162,
    "12": 0.07499486207962036,
    "13": 0.06996405124664307,
    "14": 0.06048709154129028,
    "15": 0.0593792200088501,
    "16": 0.06037640571594238,
    "17": 0.05507791042327881,
    "18": 0.04609423875808716,
    "19": 0.039909422397613525,
    "20": 0.038265109062194824,
    "21": 0.034404456615448,
    "22": 0.029825210571289062,
    "23": 0.026247382164001465,
    "24": 0.019815802574157715,
    "25": 0.017409801483154297,
    "26": 0.013543486595153809,
    "27": 0.04537689685821533
  },
  "selected_layers": [
    8,
    9,
    10,
    11,
    12
  ],
  "peak_layer": 9,
  "peak_pct": 32.142857142857146,
  "pattern": "early"
}