{
  "mode": "matched_context",
  "n_observations": 1800,
  "n_scenarios": 100,
  "cell_means": {
    "HN": {
      "mean": 0.7303333333333333,
      "std": 0.31225031506670936,
      "n": 300
    },
    "HE": {
      "mean": 0.7829444444444444,
      "std": 0.26751053400281105,
      "n": 300
    },
    "HP": {
      "mean": 0.7358888888888888,
      "std": 0.2812059787222452,
      "n": 300
    },
    "AN": {
      "mean": 0.7296111111111111,
      "std": 0.30476165044218884,
      "n": 300
    },
    "AE": {
      "mean": 0.7715555555555556,
      "std": 0.2882453087644123,
      "n": 300
    },
    "AP": {
      "mean": 0.7416111111111111,
      "std": 0.2783898756052493,
      "n": 300
    }
  },
  "marginal_identity": {
    "human": 0.7497222222222221,
    "agent": 0.7475925925925925
  },
  "directive_tests": {
    "neutral": {
      "h_mean": 0.7303333333333332,
      "a_mean": 0.7296111111111111,
      "delta": -0.0007222222222220687,
      "d_cohen": -0.0023408590902380456,
      "p_value": 0.9423011509819965,
      "n_pairs": 300,
      "p_corrected": 0.9423011509819965
    },
    "extraction": {
      "h_mean": 0.7829444444444444,
      "a_mean": 0.7715555555555556,
      "delta": -0.011388888888888893,
      "d_cohen": -0.040956728729068526,
      "p_value": 0.8947233333429898,
      "n_pairs": 300,
      "p_corrected": 1.0
    },
    "privacy": {
      "h_mean": 0.7358888888888888,
      "a_mean": 0.7416111111111111,
      "delta": 0.005722222222222295,
      "d_cohen": 0.020451008426634148,
      "p_value": 0.3065220101709728,
      "n_pairs": 300,
      "p_corrected": 0.9195660305129184
    }
  },
  "anova_2way": {
    "Identity": {
      "SS": 0.002040895061728324,
      "df": 1,
      "MS": 0.002040895061728324,
      "F": 0.02433100766038012,
      "p": 0.8760631839587795,
      "eta2": 1.3492199863399296e-05
    },
    "Directive": {
      "SS": 0.7588975308641968,
      "df": 2,
      "MS": 0.3794487654320984,
      "F": 4.523687176072526,
      "p": 0.010972988555024599,
      "eta2": 0.005017013051905253
    },
    "Identity\u00d7Directive": {
      "SS": 0.022404938271606945,
      "df": 2,
      "MS": 0.011202469135803472,
      "F": 0.1335528550534997,
      "p": 0.8749899190227474,
      "eta2": 0.00014811731909020848
    }
  },
  "tier_results": {
    "T1": {
      "delta": -0.02083333333333337,
      "d": -0.058481643300082674,
      "p_neutral": 1.0,
      "h_mean": 0.8611111111111112,
      "a_mean": 0.8402777777777778
    },
    "T2": {
      "delta": 0.01967592592592582,
      "d": 0.07998190233672559,
      "p_neutral": 0.4499947510541873,
      "h_mean": 0.7005208333333334,
      "a_mean": 0.7201967592592592
    },
    "T3": {
      "delta": -0.004886831275720205,
      "d": -0.021251510843516484,
      "p_neutral": 0.4212622767606705,
      "h_mean": 0.6944444444444444,
      "a_mean": 0.6895576131687242
    }
  }
}