{
  "mode": "standard",
  "cell_means": {
    "HD1": {
      "mean": 0.5731944444444445,
      "std": 0.35172839763350966,
      "n": 120,
      "pct_at_ceiling": 25.833333333333336
    },
    "AD1": {
      "mean": 0.5340277777777779,
      "std": 0.3534107245283315,
      "n": 120,
      "pct_at_ceiling": 20.833333333333336
    },
    "HD2": {
      "mean": 0.3054166666666667,
      "std": 0.2960695096231256,
      "n": 120,
      "pct_at_ceiling": 8.333333333333332
    },
    "AD2": {
      "mean": 0.4848611111111111,
      "std": 0.3871536332385988,
      "n": 120,
      "pct_at_ceiling": 25.833333333333336
    }
  },
  "comparisons": {
    "D1_IE": {
      "h_mean": 0.5731944444444445,
      "a_mean": 0.5340277777777779,
      "delta": -0.03916666666666668,
      "wilcoxon_p": 0.2083766469870203,
      "mann_whitney_p": 0.38468531950557494,
      "cohens_d": -0.11155465331117127,
      "bootstrap_ci_95": [
        -0.13458680555555558,
        0.0634722222222222
      ],
      "n_human": 120,
      "n_agent": 120,
      "wilcoxon_p_corrected": 0.2083766469870203
    },
    "D2_IE": {
      "h_mean": 0.3054166666666667,
      "a_mean": 0.4848611111111111,
      "delta": 0.17944444444444443,
      "wilcoxon_p": 0.005437460600675354,
      "mann_whitney_p": 0.00029826259234359007,
      "cohens_d": 0.522864450810224,
      "bootstrap_ci_95": [
        0.06805555555555554,
        0.2930555555555555
      ],
      "n_human": 120,
      "n_agent": 120,
      "wilcoxon_p_corrected": 0.010874921201350708
    }
  },
  "tier_breakdown": {
    "T1": {
      "D1_delta": 0.0,
      "D2_delta": 0.2222222222222222,
      "HD1": 0.5,
      "AD1": 0.5,
      "HD2": 0.25,
      "AD2": 0.4722222222222222
    },
    "T2": {
      "D1_delta": -0.10555555555555551,
      "D2_delta": 0.17407407407407405,
      "HD1": 0.585185185185185,
      "AD1": 0.4796296296296295,
      "HD2": 0.2777777777777778,
      "AD2": 0.45185185185185184
    },
    "T3": {
      "D1_delta": 0.0012820512820513885,
      "D2_delta": 0.14615384615384608,
      "HD1": 0.626923076923077,
      "AD1": 0.6282051282051284,
      "HD2": 0.3884615384615385,
      "AD2": 0.5346153846153846
    }
  },
  "holm_bonferroni_corrected": {
    "D2_IE": 0.010874921201350708,
    "D1_IE": 0.2083766469870203
  }
}