{
  "headroom_window": [
    0.1,
    0.9
  ],
  "per_model": {
    "llama-3.1-8b": {
      "n_raw": 51,
      "n": 44,
      "mean_delta": 0.27090909090909093,
      "cohen_d": 1.4126441603468334,
      "wilcoxon_p1": 3.981780057714892e-08
    },
    "mistral-7b": {
      "n_raw": 51,
      "n": 42,
      "mean_delta": 0.20825396825396825,
      "cohen_d": 1.3188556670015974,
      "wilcoxon_p1": 4.9816025223041515e-08
    }
  },
  "stouffer": {
    "z": 7.562751695393599,
    "p": 1.9731524931302113e-14,
    "n_models": 2
  }
}