{
  "human_mean": 0.7879999999999999,
  "a2a_mean": 0.8173333333333332,
  "delta_IE": 0.02933333333333332,
  "wilcoxon_p": 0.3974786418564623,
  "wilcoxon_W": 349.5,
  "mann_whitney_p": 0.0007328832197917323,
  "mann_whitney_U": 13219.0,
  "cohens_d": 0.08486355141451585,
  "bootstrap_ci_95": [
    -0.07444722222222223,
    0.13478055555555551
  ],
  "n_scenarios": 50,
  "n_seeds": 3
}