{
  "model": {
    "id": "meta-llama/Llama-3.1-8B-Instruct",
    "tag": "llama-3.1-8b",
    "family": "Llama",
    "params": "8B",
    "mode": "local",
    "infra": "Apple M-series (MPS) / NVIDIA A100",
    "mechanistic": true
  },
  "stats": {
    "mode": "standard",
    "cell_means": {
      "HD1": {
        "mean": 0.2738888888888889,
        "std": 0.35330725904884486,
        "n": 120,
        "pct_at_ceiling": 14.166666666666666
      },
      "AD1": {
        "mean": 0.5354166666666667,
        "std": 0.43956711209068633,
        "n": 120,
        "pct_at_ceiling": 40.833333333333336
      },
      "HD2": {
        "mean": 0.23722222222222225,
        "std": 0.3520165552228322,
        "n": 120,
        "pct_at_ceiling": 13.333333333333334
      },
      "AD2": {
        "mean": 0.3680555555555555,
        "std": 0.4355662323144995,
        "n": 120,
        "pct_at_ceiling": 27.500000000000004
      }
    },
    "comparisons": {
      "D1_IE": {
        "h_mean": 0.2738888888888889,
        "a_mean": 0.5354166666666667,
        "delta": 0.26152777777777775,
        "wilcoxon_p": 0.00021941242362345838,
        "mann_whitney_p": 9.784745200164512e-06,
        "cohens_d": 0.6585753713839587,
        "bootstrap_ci_95": [
          0.13499999999999998,
          0.3823611111111111
        ],
        "n_human": 120,
        "n_agent": 120,
        "wilcoxon_p_corrected": 0.00043882484724691676
      },
      "D2_IE": {
        "h_mean": 0.23722222222222225,
        "a_mean": 0.3680555555555555,
        "delta": 0.13083333333333333,
        "wilcoxon_p": 0.015172815765921131,
        "mann_whitney_p": 0.04729008641596911,
        "cohens_d": 0.33177162920170217,
        "bootstrap_ci_95": [
          0.021659722222222226,
          0.2405624999999999
        ],
        "n_human": 120,
        "n_agent": 120,
        "wilcoxon_p_corrected": 0.015172815765921131
      }
    },
    "tier_breakdown": {
      "T1": {
        "D1_delta": 0.19444444444444445,
        "D2_delta": 0.16666666666666669,
        "HD1": 0.16666666666666666,
        "AD1": 0.3611111111111111,
        "HD2": 0.1388888888888889,
        "AD2": 0.3055555555555556
      },
      "T2": {
        "D1_delta": 0.3462962962962963,
        "D2_delta": 0.12222222222222218,
        "HD1": 0.42592592592592593,
        "AD1": 0.7722222222222223,
        "HD2": 0.3592592592592593,
        "AD2": 0.48148148148148145
      },
      "T3": {
        "D1_delta": 0.22564102564102573,
        "D2_delta": 0.10769230769230762,
        "HD1": 0.19743589743589746,
        "AD1": 0.4230769230769232,
        "HD2": 0.1871794871794872,
        "AD2": 0.2948717948717948
      }
    },
    "holm_bonferroni_corrected": {
      "D1_IE": 0.00043882484724691676,
      "D2_IE": 0.015172815765921131
    }
  },
  "n_evaluations": 480,
  "mode": "subsaturated",
  "timestamp": "2026-04-08 08:44:05"
}