{
  "model": {
    "id": "meta-llama/Llama-3.1-8B-Instruct",
    "tag": "llama-3.1-8b",
    "family": "Llama",
    "params": "8B",
    "mode": "local",
    "infra": "Apple M-series (MPS) / NVIDIA A100",
    "mechanistic": true
  },
  "stats": {
    "mode": "orthogonal_v2_structural",
    "manipulation_level": "L1",
    "n_observations": 2400,
    "n_scenarios": 100,
    "cell_means": {
      "HNN": {
        "mean": 0.8525555555555556,
        "std": 0.23244564915102342,
        "n": 300
      },
      "HNP": {
        "mean": 0.8080555555555556,
        "std": 0.27395441012729244,
        "n": 300
      },
      "HEN": {
        "mean": 0.8761666666666668,
        "std": 0.2163889181071865,
        "n": 300
      },
      "HEP": {
        "mean": 0.8708333333333333,
        "std": 0.22337037330742315,
        "n": 300
      },
      "ANN": {
        "mean": 0.8841666666666667,
        "std": 0.1957231538533244,
        "n": 300
      },
      "ANP": {
        "mean": 0.8513888888888889,
        "std": 0.23127158203078674,
        "n": 300
      },
      "AEN": {
        "mean": 0.8969444444444445,
        "std": 0.18864287923229156,
        "n": 300
      },
      "AEP": {
        "mean": 0.9002777777777777,
        "std": 0.19188990602346065,
        "n": 300
      }
    },
    "marginal_means": {
      "human": 0.8519027777777778,
      "agent": 0.8831944444444446,
      "no_extraction": 0.8490416666666666,
      "extraction": 0.8860555555555556,
      "no_privacy": 0.8774583333333332,
      "privacy": 0.857638888888889
    },
    "anova_3way": {
      "I": {
        "SS": 0.5875010416666728,
        "df": 1,
        "MS": 0.5875010416666728,
        "F": 12.05122753572831,
        "p": 0.0005267621364688502,
        "eta2": 0.004957509303143846,
        "p_corrected": 0.003160572818813101
      },
      "E": {
        "SS": 0.8220167824074129,
        "df": 1,
        "MS": 0.8220167824074129,
        "F": 16.8617765423461,
        "p": 4.1552716511183974e-05,
        "eta2": 0.006936423184143422,
        "p_corrected": 0.0002908690155782878
      },
      "P": {
        "SS": 0.23568622685184792,
        "df": 1,
        "MS": 0.23568622685184792,
        "F": 4.834558826944836,
        "p": 0.02799020737601532,
        "eta2": 0.0019887907924830963,
        "p_corrected": 0.1399510368800766
      },
      "IE": {
        "SS": 0.022919560185184526,
        "df": 1,
        "MS": 0.022919560185184526,
        "F": 0.47014186396487967,
        "p": 0.49298835771006333,
        "eta2": 0.0001934020959685102,
        "p_corrected": 1.0
      },
      "IP": {
        "SS": 0.015589004629630159,
        "df": 1,
        "MS": 0.015589004629630159,
        "F": 0.31977244042706554,
        "p": 0.571797468021942,
        "eta2": 0.00013154467821691355,
        "p_corrected": 1.0
      },
      "EP": {
        "SS": 0.21250289351852225,
        "df": 1,
        "MS": 0.21250289351852225,
        "F": 4.359006265805622,
        "p": 0.03691932900228834,
        "eta2": 0.0017931628998894098,
        "p_corrected": 0.14767731600915335
      },
      "IEP": {
        "SS": 0.00035011574074095194,
        "df": 1,
        "MS": 0.00035011574074095194,
        "F": 0.007181816126724706,
        "p": 0.932470737441758,
        "eta2": 2.9543812160339e-06,
        "p_corrected": 0.932470737441758
      }
    },
    "main_effects": {
      "interlocutor": {
        "delta": 0.03129166666666683,
        "cohens_d": 0.1411695179468313,
        "bootstrap_ci_95": [
          0.013888888888888902,
          0.05359791666666665
        ],
        "wilcoxon_p": 0.0001906820657595528,
        "wilcoxon_W": 224.5,
        "mann_whitney_U": 759329.5,
        "mann_whitney_p": 0.0051131678785302425,
        "mean_baseline": 0.8519027777777778,
        "mean_treatment": 0.8831944444444446
      },
      "extraction": {
        "delta": 0.03701388888888901,
        "cohens_d": 0.16715110038321196,
        "bootstrap_ci_95": [
          0.021944444444444454,
          0.053960069444444425
        ],
        "wilcoxon_p": 6.0815011162060225e-06,
        "wilcoxon_W": 158.0,
        "mann_whitney_U": 775103.5,
        "mann_whitney_p": 8.753983158789219e-05,
        "mean_baseline": 0.8490416666666666,
        "mean_treatment": 0.8860555555555556
      },
      "privacy": {
        "delta": -0.01981944444444428,
        "cohens_d": -0.0892805417475023,
        "bootstrap_ci_95": [
          -0.038084375000000004,
          -0.002985069444444451
        ],
        "wilcoxon_p": 0.041658512736996035,
        "wilcoxon_W": 389.5,
        "mann_whitney_U": 697840.0,
        "mann_whitney_p": 0.11467447674563108,
        "mean_baseline": 0.8774583333333332,
        "mean_treatment": 0.857638888888889
      }
    },
    "mixed_model": {
      "converged": true,
      "coefficients": {
        "interlocutor": {
          "estimate": 0.03161111111111095,
          "std_error": 0.009928950375149046,
          "z": 3.1837314032941197,
          "p": 0.001453898524613548,
          "p_corrected": 0.008723391147681288
        },
        "extraction": {
          "estimate": 0.023611111111110965,
          "std_error": 0.009928950375149044,
          "z": 2.3780067599297006,
          "p": 0.01740650681206421,
          "p_corrected": 0.06962602724825684
        },
        "privacy": {
          "estimate": -0.044500000000000046,
          "std_error": 0.009928950375149046,
          "z": -4.4818433287145965,
          "p": 7.400106345438573e-06,
          "p_corrected": 5.1800744418070005e-05
        },
        "IE": {
          "estimate": -0.01083333333333327,
          "std_error": 0.014041656280665197,
          "z": -0.7715139237705412,
          "p": 0.44040237255944326,
          "p_corrected": 0.8808047451188865
        },
        "IP": {
          "estimate": 0.011722222222222262,
          "std_error": 0.0140416562806652,
          "z": 0.8348176303363367,
          "p": 0.40382039769293954,
          "p_corrected": 1.0
        },
        "EP": {
          "estimate": 0.039166666666666745,
          "std_error": 0.014041656280665197,
          "z": 2.7893195705550555,
          "p": 0.00528189180779036,
          "p_corrected": 0.0264094590389518
        },
        "IEP": {
          "estimate": -0.003055555555555508,
          "std_error": 0.019857900750298023,
          "z": -0.15387102564250912,
          "p": 0.8777114301827165,
          "p_corrected": 0.8777114301827165
        }
      },
      "random_effect_variance": 0.034186470493992795
    },
    "per_vertical": {
      "corporate": {
        "human_mean": 0.8752777777777779,
        "agent_mean": 0.8969444444444444,
        "delta": 0.0216666666666665,
        "n": 600
      },
      "finance": {
        "human_mean": 0.8491666666666666,
        "agent_mean": 0.895277777777778,
        "delta": 0.046111111111111325,
        "n": 600
      },
      "healthcare": {
        "human_mean": 0.8291666666666667,
        "agent_mean": 0.866388888888889,
        "delta": 0.03722222222222227,
        "n": 600
      },
      "legal": {
        "human_mean": 0.854,
        "agent_mean": 0.8741666666666666,
        "delta": 0.020166666666666666,
        "n": 600
      }
    },
    "per_tier": {
      "1": {
        "n": 768,
        "n_scenarios": 32,
        "pct_at_ceiling": 99.73958333333334,
        "human_mean": 0.9973958333333334,
        "agent_mean": 0.9973958333333334,
        "delta_I": 0.0,
        "cohens_d_I": 0.0,
        "bootstrap_ci_95": [
          -0.007812500000000003,
          0.007812500000000003
        ],
        "anova_I_F": 0.0,
        "anova_I_p": 1.0,
        "anova_I_p_corr": 1.0,
        "mann_whitney_p": 1.0
      },
      "2": {
        "n": 768,
        "n_scenarios": 32,
        "pct_at_ceiling": 71.484375,
        "human_mean": 0.8539496527777777,
        "agent_mean": 0.8949652777777777,
        "delta_I": 0.041015625,
        "cohens_d_I": 0.18273714208737488,