{
  "mode": "matched_context",
  "n_observations": 1800,
  "n_scenarios": 100,
  "cell_means": {
    "HN": {
      "mean": 0.8294444444444444,
      "std": 0.2967160799464118,
      "n": 300
    },
    "HE": {
      "mean": 0.831111111111111,
      "std": 0.3022977846714791,
      "n": 300
    },
    "HP": {
      "mean": 0.6138888888888889,
      "std": 0.4450776738980165,
      "n": 300
    },
    "AN": {
      "mean": 0.8250000000000001,
      "std": 0.3005781466145239,
      "n": 300
    },
    "AE": {
      "mean": 0.8433333333333334,
      "std": 0.29288159660454877,
      "n": 300
    },
    "AP": {
      "mean": 0.6447222222222223,
      "std": 0.4326435928048186,
      "n": 300
    }
  },
  "marginal_identity": {
    "human": 0.758148148148148,
    "agent": 0.7710185185185184
  },
  "directive_tests": {
    "neutral": {
      "h_mean": 0.8294444444444445,
      "a_mean": 0.825,
      "delta": -0.004444444444444584,
      "d_cohen": -0.014881615600171745,
      "p_value": 0.6729809284462298,
      "n_pairs": 300,
      "p_corrected": 0.6729809284462298
    },
    "extraction": {
      "h_mean": 0.8311111111111111,
      "a_mean": 0.8433333333333334,
      "delta": 0.012222222222222245,
      "d_cohen": 0.0410655788995168,
      "p_value": 0.10487545857126587,
      "n_pairs": 300,
      "p_corrected": 0.20975091714253175
    },
    "privacy": {
      "h_mean": 0.6138888888888889,
      "a_mean": 0.6447222222222222,
      "delta": 0.030833333333333268,
      "d_cohen": 0.07025063896750765,
      "p_value": 0.0175686423848862,
      "n_pairs": 300,
      "p_corrected": 0.052705927154658605
    }
  },
  "anova_2way": {
    "Identity": {
      "SS": 0.07454089506172898,
      "df": 1,
      "MS": 0.07454089506172898,
      "F": 0.6016995130663679,
      "p": 0.43803255871506086,
      "eta2": 0.00031199650879120365
    },
    "Directive": {
      "SS": 16.500069444444428,
      "df": 2,
      "MS": 8.250034722222214,
      "F": 66.59487883840005,
      "p": 0.0,
      "eta2": 0.06906227859507097
    },
    "Identity\u00d7Directive": {
      "SS": 0.09343364197531301,
      "df": 2,
      "MS": 0.046716820987656504,
      "F": 0.3771015684343943,
      "p": 0.6859007621484488,
      "eta2": 0.0003910735184465433
    }
  },
  "tier_results": {
    "T1": {
      "delta": -0.01041666666666663,
      "d": -0.043613589591816035,
      "p_neutral": 0.15729920705028505,
      "h_mean": 0.9444444444444444,
      "a_mean": 0.9340277777777778
    },
    "T2": {
      "delta": 0.02256944444444442,
      "d": 0.06672806582177507,
      "p_neutral": 0.6547208460185769,
      "h_mean": 0.7945601851851851,
      "a_mean": 0.8171296296296295
    },
    "T3": {
      "delta": 0.02494855967078191,
      "d": 0.06429975459929999,
      "p_neutral": 0.6042702577219443,
      "h_mean": 0.5601851851851852,
      "a_mean": 0.5851337448559671
    }
  }
}